Latitude;Longitude;Nom;Date;Periode;Poetes_identifies;Sujet_poesie;Resultat_poetes;Improvisateurs identifies;Sujets_improvisateurs;Resultat_improvisateurs;Notes;Sources
43.3626;-1.7034;Urrugne - 1851;1851;8 et 9 octobre;Joanes OXALDE (1814-1897);x;x;x;x;x;Aucune poésie ne devait être présenté. Cette première fête ne devait comporter que des parties de pelotes.;x
43.3637;-1.7044;Urrugne - 1852;1852;x;Joanes OXALDE (1814-1897), Martin HALSOUET « Ttipi Urruñara » (1793-1855);x;x;x;x;x;x;x
43.3631;-1.6974;Urrugne - 1853;1853;x;Bernard CELHABE, Salvat LANDARRETXE (1799-1846), Gratien ADEMA « Zalduby » (1828-1907), Martin EGUIATEGUI, Martin HALSOUET (1793-1855), Juan SATRALI, Pierre TOPET « Etchahun » (1786-1862);« Les peines d’un jeune basque en route vers Montevideo »;'1/ Bernard CELHABE (une once d''or et un makila) 2/ Salvat LANDARRETXE';x;x;x;x;https://mediatheque.bayonne.fr/iguana/IguanaDAM.uv.cls?damkey=B641026201_J19l_18530609&language=fre (Le Messager de Bayonne, 9 juin 1853)
43.3632;-1.6990;Urrugne - 1854;1854;x;DUSSAUT, Gratien ADEMA « Zalduby » (1828-1907), Martin ARRUPE (1823- ?), Bernard BORDA;'« Éloge de l''agriculture et de la vie de champs »';1/ DUSSAUT;x;x;x;'Fête d''Urrugne n''eut pas lieu pour des raisons diverses, mais le concours de poésie fut maintenu.';x
43.3638;-1.6959;Urrugne - 1855;1855;x;Léon ELISSAMBURU (1816-1861), Martin ARRUPE (1823-?), Felipe BORTHIRI, Beñat DORBE (1815-1898), François EYHERABURU, Arnaud HARAMBOURE, Bruno HARDOY (1807-?), Jean-Martin HIRIBARREN et Léon DAJAS « bardoztarra », OLHAGARAY;« La femme buveuse »;1/ Léon ELISSAMBURURU;x;x;x;x;https://mediatheque.bayonne.fr/iguana/IguanaDAM.uv.cls?damkey=B641026201_J19l_18551206&language=fre  (Le Messager de Bayonne, 6 décembre 1855)
43.3645;-1.6969;Urrugne - 1856;1856;Autour 9 septembre;Jean-Baptiste LARRALDE (1804-1870), Martin ARRUPE (1823- ?), Salvat DAGUERRE, Léon ELISSAMBURU (1816-1861), Arnaud HARAMBOURE, Jean-Martin « Gaztañalde » (1810-1865), Jean IRIBARNEGARAY « Xetre » (1831-?), Gabriel LAMARQUE, Paul LOUIS, Alexander MEABE, « Ontzakozale », « Cuberoutarra »;« La fête de village »;1/ Jean-Baptiste LARRALDE (un makhila);'HIRIBARREN « de Sare », CIGARROA « d''Hendaye »';x;'1/ HIRIBARREN « de Sare » et CIGARROA « d''Hendaye »';Présence de Louis Lucien Bonaparte qui décerna le prix de concours de poésie. Présence de Pascal Lamazou (1816-1878) chanteur béarnais.;https://mediatheque.bayonne.fr/iguana/IguanaDAM.uv.cls?damkey=B641026201_J19l_18560904&language=fre (Le Messager de Bayonne, 4 septembre 1856), https://mediatheque.bayonne.fr/iguana/IguanaDAM.uv.cls?damkey=B641026201_J20_l_18560907&language=fre (Le Courrier de Bayonne, 7 septembre 1856) https://mediatheque.bayonne.fr/iguana/IguanaDAM.uv.cls?damkey=B641026201_J20_l_18560910&language=fre (Le Courrier de Bayonne, 10 septembre 1856) https://mediatheque.bayonne.fr/iguana/IguanaDAM.uv.cls?damkey=B641026201_J20_l_18560912&language=fre (Le Courrier de Bayonne, 12 septembre 1856)   https://gallica.bnf.fr/ark:/12148/bd6t538718223/f3.item.r=fete.zoom (Le Courrier du Gers, 9 septembre 1856)
43.3652;-1.6982;Urrugne - 1857;1857;7 septembre;Louis ITHURBIDE, Bethiri SEILHARUX;x;1/ Louis ITHURBIDE;x;x;x;x;https://mediatheque.bayonne.fr/iguana/IguanaDAM.uv.cls?damkey=B641026201_J20_l_18570904&language=fre (Le Courrier de Bayonne, 4 septembre 1857)
43.3637;-1.7008;Urrugne - 1858;1858;Autour 7 septembre;Jean-Baptiste ELISSAMBURU (1828-1891), Jean HIRIART, M. BALUYAN, Martin ARRUPE (1823- ?), Jean DUVOISIN « Gazteluberri » (1810-1891), Bernard E., Léon ELISSAMBURU (1816-1861), ETCHEBARNE, Agustin ETCHEBERRI, Arnaud HARAMBOURE, Pierre HARANEDER, Jean-Martin HIRIRBARREN « Heuty » (1810-1865), Piarres MENDI, Joseph PALASSIE « Cambo », Antoine CHOPERENA, « Ermittaua », ETCHEBEHERE « Lapurthara », Joanes ETCHETO « Senpereko maisua » (1801-1887), Martin GUILBEAU (1839-1912), Dominika HIRIBARREN, L.D. « Indianotegui », Jean-Baptiste LARRALDE (1804-1870), Alexander MEABE, Jose DE VERA « Ezkerra »;x;2/ Jean HIRIART 3/ BALUYAN;'Dominique HIRIBARREN « de Sare », Pierre CIGARROA « de Hendaye », Antoine CHOPERENA « de Saint-Pée », Nicolas PIERRI « d''Espelette », Pablo LABANDIBAR « de Fontarabie »,  Mathieu GOYHENECHE « d''Oyarzun »';'« Les hommes mariés », « Les émigrants pour l''Amérique », « Les artisans et les laboureurs »';1/ Pablo LABANDIBAR « de Fontarabie »;x;https://mediatheque.bayonne.fr/iguana/IguanaDAM.uv.cls?damkey=B641026201_J20_l_18580905&language=fre (Le Courrier de Bayonne, 5 septembre 1858), https://mediatheque.bayonne.fr/iguana/IguanaDAM.uv.cls?damkey=B641026201_J20_l_18580912&language=fre (Le Courrier de Bayonne, 12 septembre 1858)
43.3642;-1.7027;Urrugne - 1859;1859;x;Jean-Baptiste LARRALDE (1804-1870), G. HAROSTEGUY, Martin GUILBEAU (1839-1912), Pierre MENDIBIL, DETCHEPARESTOU, Gratien Adema et Inazio HARAMBELTZ « Hazparne »,  MENDIBOURE « Lapurthara », Joanes OXALDE (1814-1897), Betiri ARBELONDE, Martin ARRUPE (1823-?), « Demarque semea », Joanes ETCHETO (1801-1887), Victor ELICAGARAY (1816-?), Jean-Martin HIRIBARREN (1810-1865), Johanes IGUZQUIBELHAR, Pascot LARROULET (1809-1884), J. SAUBABER, Marider UTHURRALT;x;1/ Jean-Baptiste LARRALDE 2/ G. HAROSTEGUY 3/ Martin GUILBEAU 4/ Pierre MENDIBIL;x;x;x;x;https://mediatheque.bayonne.fr/iguana/IguanaDAM.uv.cls?damkey=B641026201_J19l_18560904&language=fre (Concours de poésie basque 1859)
43.3644;-1.7051;Urrugne - 1860;1860;Début septembre;Jean-Baptiste ELISSAMBURU (1828-1891), Jean DUVOISIN et T. ELISSALDE « Uztaritzekoa », Léon ELISSAMBURU (1816-1861), ALZUGARAY « Uztaritzekoa », Martin ARRUPE (1823-?), « Azkonzabal », BARNEX, Baptiste CURET, DARRICART, DE BERON, Dominique DEMARQUE, ERRECARTE;x;x;x;x;x;x;https://numerikoak.bilketa.eus/ark:/27020/go568785/v0001.simple.selectedTab=record (1860. Urrugnaco besta. Coplarien gudua), https://mediatheque.bayonne.fr/iguana/IguanaDAM.uv.cls?damkey=B641026201_J20_l_18600902&language=fre (Le Courrier de Bayonne, 2 septembre 1860), https://mediatheque.bayonne.fr/iguana/IguanaDAM.uv.cls?damkey=B641026201_J20_l_18600914&language=fre (Le Courrier de Bayonne, 14 septembre 1860)
43.3654;-1.7043;Urrugne - 1862;1862;7, 8, 9 et 10 septembre;Jean-Baptiste ELISSAMBURU (1828-1891), Frantzisko « Lapihtz » (1832-1905), « Garro », Jean-Martin HIRIBARREN « Salataria » (1810-1865);x;2/ M. LAPITHZ 3/ M. GARRO;x;x;x;« Vingt-deux pièces de vers ont  été présentées au concours de poésie basque de 1962 »;https://numerikoak.bilketa.eus/ark:/27020/go568786/v0001.simple.selectedTab=record  (1862. Urrunaco eliza-besta. Coplarien gudua), https://mediatheque.bayonne.fr/iguana/IguanaDAM.uv.cls?damkey=B641026201_J20_l_18620903&language=fre (Le Courrier de Bayonne, 3 septembre 1862), https://mediatheque.bayonne.fr/iguana/IguanaDAM.uv.cls?damkey=B641026201_J20_l_18620905&language=fre (Le Courrier de Bayonne, 5 septembre 1862)
43.3657;-1.7022;Urrugne - 1863;1863;6 et 7 septembre;Betiri OLHONDO, Jean-Baptiste LARRALDE (1804-1870), Jean-Martin HIRIBARREN (1810-1865), Baptiste CURET, Xan DARRIGOL (1826-1895), Martin GUILBEAU (1839-1912);x;1/ Betiri OLHONDO;x;x;x;x;https://mediatheque.bayonne.fr/iguana/IguanaDAM.uv.cls?damkey=B641026201_J20_l_18630904&language=fre (Le Courrier de Bayonne, 4 septembre 1863)
43.3107;-1.5807;Sare - 1864;1864;;Jean-Baptiste LARRALDE (1804-1870), M.A. SALABERRI, Jean-Martin HIRIBARREN « Menditarra » (1810-1865), « Pierresteguy », « Zohiola berri », Martin ARRUPE (1823-?), Jean DUVOISIN (1810-1891), ETCHEPARE, Joanes ETCHETO (1801-1887), JAUREGUIZAHAR, LANDEZTOY « Donapaleuko xantrea », Migeltxo UALDE;x;1/ Jean-Baptiste LARRALDE 2/ M. A. SALABERRI;x;x;x;x;x
43.3111;-1.5825;Sare - 1865;1865;12,13 et 14 septembre;Jean-Baptiste LARRALDE (1804-1870), Joanes BERJES (1806-1885), Joanes ETCHETO (1801-1887), Joseph DAVID (1829-1910);x;x;ITHURBIDE « de Sare » et  « Josepha  de Fontarabie »;x;1/ ITHURBIDE « de Sare » 2/ « Josepha de Fontarabie » ;x;https://gallica.bnf.fr/ark:/12148/bpt6k98190158/f1.item.r=Neurtizlarien%20gudua (Coplarien gudua : Sarako eliza-besta : Elizondoko bestetan) https://mediatheque.bayonne.fr/iguana/IguanaDAM.uv.cls?damkey=B641026201_J20_l_18650908&language=fre (Le Courrier de Bayonne, 8 septembre 1865) https://mediatheque.bayonne.fr/iguana/IguanaDAM.uv.cls?damkey=B641026201_J20_l_18650910&language=fre (Le Courrier de Bayonne, 10 septembre 1865) https://mediatheque.bayonne.fr/iguana/IguanaDAM.uv.cls?damkey=B641026201_J20_l_18650917&language=fre (Le Courrier de Bayonne, 17 septembre 1865)
43.3120;-1.5839;Sare - 1866;1866;17;Jean-Baptiste ELISSAMBURU (1828-1891), J. MENDIBURU, Martin ARRUPE (1823-?), Joanes BERJES (1806-1885), Agustin ETCHEVERRY, Joanes ETCHETO (1801-1887);x;x;x;x;x;x;'https://gallica.bnf.fr/ark:/12148/bpt6k9819018h.r=Neurtizlarien%20gudua?rk=21459;2 (1866 Sarako Besta Berxutako gudua)  https://gallica.bnf.fr/ark:/12148/bpt6k589402d/f3.item.r=%22Concours%20de%20Po%C3%A9sie%20Basque%22.zoom (Le Petit Journal, 13 septembre 1866) https://mediatheque.bayonne.fr/iguana/IguanaDAM.uv.cls?damkey=B641026201_J20_l_18660907&language=fre (Le Courrier de Bayonne, 7 septembre 1866)'
43.3128;-1.5853;Sare - 1867;1867;Autour 9 septembre;Joanes BERJES (1806-1885), Jean-Baptiste ELISSAMBURU (1828-1891), Gratien ADEMA (1828-1907);x;x;x;x;x;x;https://numerikoak.bilketa.eus/ark:/27020/go568791/v0001.simple.selectedTab=record  (1867 Berxutako gudua Sarako bestan)
43.3135;-1.5846;Sare - 1868;1868;14, 15 et 16 septembre;Joanes OXALDE (1814-1897), Joanes BERJES (1806-1885), Joanes ETCHETO (1801-1887), Agustin ETCHEVERRY, GOYETCHE, Jean LANDART;x;'1/ Joanes OXALDE (un makhila et une once d''or)';x;x;x;x;https://numerikoak.bilketa.eus/ark:/27020/go568787/v0001.simple.selectedTab=record (1868 Berxutako gudua Sarako bestan) https://mediatheque.bayonne.fr/iguana/IguanaDAM.uv.cls?damkey=B641026201_J20_l_18680906&language=fre (Le Courrier de Bayonne, 6 septembre 1868)
43.3144;-1.5834;Sare - 1869;1869;12, 13, 14 et 15 septembre;Agustin ETCHEVERRY, Edmond GUIBERT (1847-1872), Gratien ADEMA « Zalduby » (1828-1907), Gratien DARRICARRERE (1845-1927), GOYETCHE;x;1/ Agustin ETCHEVERRY (80fr et un makila) 2/ Edmond GUIBERT;Maria Luisa OSORIO (1846-1925), Piarres IBARRART (1838-1919);Demande en mariage;1/ Maria Luisa OSORIO et Piarres IBARRART;'Pour le concours d''improvisation, 14 personnes se seraient présentés';'https://numerikoak.bilketa.eus/ark:/27020/go568789/v0001.simple.selectedTab=record (Berxutako gudua Sarako bestan), https://numerikoak.bilketa.eus/ark:/12148/cb32857847m/1870/01 (Revue de linguistique et de philologie comparée : recueil trimestriel de documents pour servir à la science positive des langues, à l''ethnologie, à la mythologie et à l''histoire, 1870-01, p.366), https://mediatheque.bayonne.fr/iguana/IguanaDAM.uv.cls?damkey=B641026201_J20l_18690903&language=fre (Le Courrier de Bayonne, 3 septembre 1869)'
43.3147;-1.5821;Sare - 1871;1871;Autour du 12 septembre;Jean-Baptiste ELISSAMBURU (1828-1891), M. OYHARCABAL, Gratien ADEMA « Zalduby » (1828-1907), Joanes BERJES (1806-1885), Jean IRIBARNEGARAY « Xetre Hazpandarra » (1831-?), Michel ETCHEGARAY, Jean ETCHENIC, Joanes ETCHETO, HARRIET, Piarres IBARRART (1838-1919), Joakin IRIZAR (1793-1879);x;1/ M. OYHARCABAL;Pierre DIBARRART (1838-1919), ETCHETO « de Sare »;'« L''homme de travail qui reste chez lui et le fainéant qui court les marchés et les fêtes », « Le conscrit fidèle et l''insoumis obstiné »';1/ Pierre DIBARRART et ETCHETO « de Sare »;'« Cette dernière partie du programme [le concours d''improvisation] n''a pas été brillamment remplie. Cinq concurrents seulement se sont présentés, et parmi eux il n''y avait que des hommes »';https://www.bilketa.eus/ark:/27020/go568596/v0001.simple.highlight=Sujet:%20%22Erdozio,%20Mari%20Luixa%20(1846-1925)%22.selectedTab=record (Concours de poésie à Sare en 1871, Julien Vinson)
43.3147;-1.5805;Sare - 1872;1872;13 septembre;Joseph ANXO, BARGARA, Joanes BERJES (1806-1885), Joanes ETCHETO (1801-1887), Agustin ETCHEVERRY, Martin GUILBEAU (1839-1912), Piarres IBARRART (1838-1919);x;Pas de prix;x;x;x;x;https://gallica.bnf.fr/ark:/12148/bpt6k1675063m/f3.item.r=%22Concours%20de%20Po%C3%A9sie%20Basque%22.zoom (Le Français : journal du soir, 23 septembre 1872), https://gallica.bnf.fr/ark:/12148/bpt6k225140x/f2.item.r=%22Concours%20de%20Po%C3%A9sie%20Basque%22.zoom (Le Temps, 21 septembre 1872) https://mediatheque.bayonne.fr/iguana/IguanaDAM.uv.cls?damkey=B641026201_J20l_18720915&language=fre (Le Courrier de Bayonne, 15 septembre 1872)
43.3143;-1.5792;Sare - 1873;1873;15, 16, 17 et 18 septembre;Gratien ADEMA  « Zalduby » (1828-1907);x;x;x;x;x;x;x
43.3138;-1.5775;Sare - 1874;1874;14, 15 et 16 septembre;« Mae », Gratien ADEMA « Zalduby » (1828-1907), Agustin ETCHEVERRY;x;1/ « Mae » 2/ Gratien ADEMA « Zalduby »;x;x;x;x;https://mediatheque.bayonne.fr/iguana/IguanaDAM.uv.cls?damkey=B641026201_J20l_18740911&language=fre (Le Courrier de Bayonne, 11 septembre 1874)
43.3131;-1.5764;Sare - 1875;1875;13 et 14 septembre;GOYETCHE, B. CELHAITO, Martin ARRUPE (1828-?), Piarres IBARRART (1838-1919), JAUREGUIBERRI;x;x;'ETCHETO « de Sare »,  « une jeune femme d''Ascain », « Mme de Chambrun »';« Les adieux du réserviste à sa fiancée »;'1/ ETCHETO « de Sare » et « une jeune femme d''Ascain »';'« Neufs poètes rustiques » auraient prit part au concours d''improvisation';https://www.bilketa.eus/ark:/27020/art1015780/v0001.simple.highlight=%22sare%22%20%221882%22%20%22f%C3%AAte%22.selectedTab=record (Compte rendu des fêtes de Sare, 1875), https://mediatheque.bayonne.fr/iguana/IguanaDAM.uv.cls?damkey=B641026201_J20l_18750912&language=fre (Le Messager de Bayonne, 12 septembre 1875)
43.3124;-1.5756;Sare - 1876;1876;11, 12 et 13 septembre;Gratien ADEMA « Zalduby » (1828-1907), Martin ARRUPE (1823-?), Pierre ETCHEGOYEN, Martin ETCHETO, Dominika GOYHETCHE, Jose Maria IPARRAGIRRE (1820-1881), JAUREGUIBERRI, LAMOTHE, Juan UDANPILOT;x;Pas de prix;x;x;x;x;https://mediatheque.bayonne.fr/iguana/IguanaDAM.uv.cls?damkey=B641026201_J20l_18760906&language=fre (Le Courrier de Bayonne, 6 septembre 1876)
43.3296 ;-1.0320 ;Saint-Palais - 1877;1877;27, 28 et 29 août;Martin ARRUPE (1823-?), Jose Ignazio ARANA (1838-1896);x;1/ Martin ARRUPE;IBARRART, SUBIAT;x;1/ IBARRART et SUBIAT;x;'https://gallica.bnf.fr/ark:/12148/bpt6k9677900g/f233.image.r=%22Concours%20de%20Po%C3%A9sie%20Basque%22?rk=300430;4 (La Gazette des eaux : revue générale des établissements de l''Europe, 1 janvier 1877)'
43.3116;-1.5755;Sare - 1878;1878;9 et 10 septembre;Joanes OXALDE (1814-1897), Jean DUVOISIN (1810-1891), Marin ARRUPE (1823-?), M. CHANGO, P. DUFOURQ, Agustin ETCHEVERRY, Piarres IBARRART (1838-1919);x;Pas de premier prix;x;x;x;'"« Nos administrations républicaines veulent proscrire l''usage de la langue basque, en prétendant qu''elle est un obstacle au progrès  Sare n''est pas de cet avis et ne voit pas les avantages qu''il y aurait à faire disparaître une langue riche, expressive, possédant une organisation merveilleuse, n''ayant point de d''affinités avec d''autres, et dont l''origine se perd dans la nuit des temps. »';https://mediatheque.bayonne.fr/iguana/IguanaDAM.uv.cls?damkey=B641026201_J20l_18780908&language=fre (Le Courrier de Bayonne, 8 septembre 1878)
43.1456 ;-1.5178 ;Elizondo - 1879;1879;25 juillet;Felipe ARRESE BEITIA (1841-1906), Ramon ARTOLA (1831-1906), Martin ARRUPE (1823-), Jose Maria IPARRAGIRRE (1820-1881), M. MAGUREGUI, Valentin ECENARRO, Joanes OXALDE (1814-1897), « LLI », « JGOyA », HAROSTEGUY, Manuel DE IMAZ, Joanes BERJES (1806-1885), Agustin ETCHEVERRY;« La chose que le Basque aime le plus »;1/ Ramon ARTOLA;x;x;x;'Felipe Arrese Beitia liait la disparition des faures avec l''affaiblissement de la langue basque. De peur de faire face à une controverse, les juges ont préféré ne pas publier son poème.';'https://www.eusko-ikaskuntza.eus/PDFAnlt/mono/abbadie_kon/04535546.pdf (Antoine d''Abbadie Hegoaldean (1879-1895), 1998)'
43.2253 ;-0.8870 ;Mauléon - 1880;1880;3, 4, 5 et 6 juillet;Felipe ARRESE BEITIA (1841-1906), Joanes OXALDE (1814-1897);x;1/ Felipe ARRESE BEITIA 2/ Joanes OXALDE;x;x;x;x;x
43.3383 ;-1.7926 ;Irun - 1881;1881;8, 9, 10 et 11 septembre;Biktoriano IRAOLA (1841-1919), Antonio ARZAK (1855-1904), Felipe ARRESE BEITIA (1841-1906), Klaudio OTAEGI (1836-1890), Ramon ARTOLA (1831-1906);'« L''union du Pays basque » et d''autres catégories, plus libres';1/ Biktoriano IRAOLA (80 pesetas et un makila) 2/ Antonio ARZAK 2/ Klaudio OTAEGI;Pedro ELICEGUI « Asteasuko errotariya » (1840-1919), Juan José ALCAIN « Udarregui », Bautista URQUIA « Gorriya », Juan Cruz ELICEGUI « Oyarzungo errrotariya » (1850-1902), Juan José BALDERRAIN « de Cizurquil », José Cruz SAGARDIA « Olloqui », Nicolas LABANDIBAR, Francisco LABANDIBAR, José Antonio LABANDIBAR;x;1/ Pedro ELICEGUI, « Gorriya » et UDARREGUI (5 duros chacun) 2/ Juan Cruz ELICEGUI, « Olloqui » et BALDERRAIN (4 duros chacun) 3/ Les trois frères LABANDIBAR (3 duros chacun);Les catégories pour les prix de poésie sont plus précises. Par exemple, chanson en basque n’excédant pas 50 vers, meilleur composition en thème libre, meilleur composition dans le thème... ;https://gallica.bnf.fr/ark:/12148/bpt6k9764324v/f7.image (Euskal-Erria : revista bascondaga, tome IV, 1881)
43.3111;-1.5751;Sare - 1882;1882;11 septembre ;Pierre DIBARRART;Sujet libre;1/ Pierre DIBARRART;x;x;x;x;https://gallica.bnf.fr/ark:/12148/bpt6k1087349t/f2.image.r=%22Concours%20de%20Po%C3%A9sie%20Basque%22?rk=858372 (Le Journal de Saint-Jean-de-Luz : indicateur des locations, ventes et achats de propriétés, villas, maisons et appartements, 17 septembre 1882)
43.2673 ;-2.4986 ;Markina  - 1883;1883;16, 17 et 18 septembre;Karmelo ETXEGARAI (1865-1926), Felipe ARRESE BEITIA (1841-1906), Antonio ARZAK, Martin « Hazpandarra », Klaudio OTAEGI, Joanes OXALDE;Sujet libre;1/ Karmelo ETXEGARAI 2/ Felipe ARRESE BEITIA;x;x;x;x;https://gallica.bnf.fr/ark:/12148/bpt6k9766728h/f526.item.r=Markina (Euskal-Erria : revista bascongada, 1 janvier 1883)
43.3107;-1.5769;Sare - 1884;1884;14, 15 et 16 septembre;Piarres IBARRART (1838-1919), « Gaetan », Arnaud HARAMBOURE;x;1/ Pierre DIBARRART;x;x;x;Devait être organisé Pays basque espagnol mais à cause du choléra et de la crise sanitaire, elle est organisée à Sare;https://mediatheque.bayonne.fr/iguana/IguanaDAM.uv.cls?damkey=B641026201_J20l_18840912&language=fre (Le Courrier de Bayonne, 12 septembre 1884), https://gallica.bnf.fr/ark:/12148/bpt6k14998643/f3.item.r=%22Concours%20de%20Po%C3%A9sie%20Basque%22.zoom (Le Moniteur des Pyrénées : journal paraissant tous les jours excepté le dimanche, 12 septembre 1884)
43.3105;-1.5789;Sare - 1885;1885;14, 15 et 16 septembre;Agustin ETCHEVERRY, HARAMBOURE, Piarres IBARRART (1838-1919), Manex HARGINAK, Martin OREGIZ;x;Pas de premier prix;x;x;x;x;https://mediatheque.bayonne.fr/iguana/IguanaDAM.uv.cls?damkey=B641026201_J20l_18850911&language=fre (Le Courrier de Bayonne, 11 septembre 1885)
43.2479 ;-1.9925 ;Urnieta - 1886;1886;29, 30 et 1 septembre;Karmelo ETXEGARAI (1865-1926), Juan Jose ALKAIN (1829-1895), Joxe AMEZTOI, Jose ARTOLA, Agustin ETCHEVERRY, Piarres IBARRART (1838-1919), Juan Miguel ORKOLAGA, Indalezio SARASKETA, « J.T.D.L »;x;1/ Karmelo ETXEGARAI ;x;x;x;x;x
43.3441 ;-1.6217 ;Ascain - 1887;1887;15,16,17 et 18 août;Jose ARTOLA, Gratien ADEMA « Zalduby » (1828-1907), Martin ARRUPE (1823-?), « J.E Azkainen »;x;1/ Jose ARTOLA;x;x;x;x;https://prentsa.bilketa.eus/ark:/12148/cb327687557/1887/07/30/v0001.simple.selectedTab=search.highlight=f%C3%AAte (Eskualduna : journal basque-français, 30 juillet 1887)
43.3598 ;-1.4007 ;Cambo-les-bains - 1888;1888;1 et 2 septembre;Karmelo ETXEGARAI (1865-1926), Grégoire IRIGOYEN, Piarres IBARRART (1838-1919), Frantzizko LOPEZ ALEN (1886-1910);x;Pas de prix aux compositions écrites;'Pierre DIBARRART « de Baigorry », Marie HARGAIN « de Cambo », Louis LARTIRY « d''Ascain», Bernard SOULE « d''Irissary »';x;'1/ Pierre DIBARRART « de Baigorry » et Marie HARGAIN « de Cambo » 2/ Louis LARTIRY « d''Ascain» 3/ Bernard SOULE « d''Irissary »';x;"https://gallica.bnf.fr/ark:/12148/bpt6k346962/f467.image.r=%22Concours%20de%20Po%C3%A9sie%20Basque%22?rk=429184 (Revue de Béarn, Navarre et Landes : partie historique de la Revue des Basses-Pyrénées et des Landes, 1 janvier 1888)
43.1315 ;-1.6706 ;Doneztebe - 1889;1889;;Klaudio OTAEGI (1836-1890), Ramon ARTOLA (1831-1906);x;1/ Klaudio OTAEGI;x;x;x;x;x
43.2222 ;-0.8865 ;Mauleon - 1890;1890;21, 22 et 23 septembre;Felipe CASAL, Jose ARTOLA, Bizente ETCHEGARAY, Piarres IBARRART (1838-1919), Joanes OXALDE (1814-1897), Adrien et Jean SOUHY;x;1/ Felipe CASAL;x;x;x;x;x
43.1756 ;-2.6365 ;Iurreta - 1891;1891;29, 30 septembre et 1 octobre;Frantzizko LOPEZ ALEN (1886-1910), Felipe ARRESE BEITIA (1841-1906), Biktariano IRAOLA (1841-1919), Gustave BERDEKO, Balbino GARITAONAINDIA, A. RADOY, Juan Ignazio URANGA (1863-1934);Sujet libre;1/ Frantzizko LOPEZ ALLEN 2/ Frantzizko LOPEZ ALLEN;x;;;x;'https://gallica.bnf.fr/ark:/12148/bpt6k707432c/f2.item.r=%22Concours%20de%20Po%C3%A9sie%20Basque%22.zoom (L''Univers, 13 août 1891) '
43.3875 ;-1.6637 ;Saint-Jean-de-Luz - 1892;1892;21, 22, 23 et 24 août;Biktoriano IRAOLA (1841-1919), Piarres IBARRART (1838-1919), URRUTIGOITY, Adrien DE SOUHY (1846-1945);Sujet libre;1/ Biktoriano IRAOLA 2/ Piarres IBARRART;x;x;x;x;x
43.1839 ;-2.2656 ;Azpeitia - 1893;1893;10, 11 et 12 août;Frantzizko LOPEZ ALEN (1886-1910), Felipe CASAL OTEGUI, Gratien ADEMA « Zalduby » (1828-1907);x;1/ Frantzizko LOPEZ ALLEN 2/ Felipe CASAL OTEGUI;'Pello ERROTA « le meunier d''Asteasu », Jose Bernardo OTANO « paysan de Cizurquil », Juan Jose ALCAIN « paysan de Usurbil »';x;1/ Pello ERROTA (100fr en or);x;'https://gallica.bnf.fr/ark:/12148/bpt6k6528932h/f11.item.r=%22Abbadie%22%22concours%22%22po%C3%A9sie%22%22basque%22 (Azpeitia : les fêtes euskariennes de septembre 1893 ; suivi de La marche de saint Ignace et autres poésies basques avec musique, Charles Bernadou, 1894)'
43.1633 ;-1.2367 ;Saint-Jean-Pied-de-Port - 1894;1894;15, 16 et 17 août;Laurent DIHARASSARY (1842-1902), DAGUERRE, Joanes OXALDE (1814-1897), DUHALDEBEHERE, Pierre ERGUY, Jean ERRAMOUSPE, Manex ETCHEMENDI, Arnaud HARAMBOURE, Jean IRIBARNEGARAY « Xetre hazpandarra » (1831-?), « Lapurtar bat »;'« L''histoire de Madeleine Larralde, martyre de Sare »';2/ Joanes OXALDE;x;x;x;x;x
43.3904 ;-1.6612 ;Saint-Jean-de-Luz - 1894;1894;26, 27, 28 et 29 août;« Deux basques », Bonifacio ETCHEGARAY (1878-1956), Pierre DIBARRART (1838-1919), Joanes OXALDE (1814-1897);'« L''histoire de Madeleine Larralde, martyre de Sare »';1/ « Deux basques » 2/ Bonifacio ETCHEGARAY;CUBIAT IRIBARNE, A. DUHALDEBEHERE, IRIBARNE;x;1/ A. DUHALDEBEHERE 2/ CUBIAT IRIBARNE 3/ IRIBARNE;x;x
43.3838 ;-1.3058 ;Hasparren - 1894;1894;15, 16 et 17 août;M. DARROUPE, Biktoriano IRAOLA (1841-1919), Frantzizko LOPEZ ALEN (1886-1910), Felipe CASAL OTAEGUI, Pierre DIBARRART (1838-1919), Joanes OXALDE (1814-1897), Juan Igniacio URANGA (1863-1934);x;1/ Victoriano IRAOLA 2/ M. DARROUPE 3/ Frantzizko LOPEZ ALEN;x;x;x;x;https://gallica.bnf.fr/ark:/12148/bpt6k4357792q/f3.item.r=%22Concours%20de%20Po%C3%A9sie%20Basque%22.zoom (La Petite Gironde : journal républicain quotidien, 23 septembre 1894)
43.3406 ;-1.4487 ;Espelette - 1895;1895;x;Frantzizko LOPEZ ALEN (1886-1910), Pierre DIBARRART, Bonifacio ETCHEGARAY (1878-1956);x;2/ Frantzizko LOPEZ ALLEN 3/ Pierre DIBARRART;Marie ARGAIN, P. DUHALDEBEHERE, Jean-Pierre CARRERE;x;1/ Marie ARGAIN 2/ P. DUHALDEBEHERE 3/ Jean-Pierre CARRERE;x;https://gallica.bnf.fr/ark:/12148/bpt6k9765255c/f139.item.r=%22Concours%20de%20Po%C3%A9sie%20Basque%22 (Euskal-Erria : revista bascongada, 1 juillet 1895)
43.2812 ;-1.6804 ;Bera - 1895;1895;3, 4 et 5 août;DUHALDEBEHERE, Mariana HARGAIN (1860-1925), Piarres IBARRART (1838-1919), Francisco SANTISTEBAN, Pello Mari OTANO (1857-1910);«Madeleine Larralde »;Pas de prix;x;x;x;x;x
43.3592;-1.4001;Cambo-les-bains – 1896;1896;9, 10 et 11 août;Piarres IBARRART (1838-1919);'« Parole d''un grand-père à son petit-fils »';1/ Pierre IBARRART;'DUHALDEBEHERE « de Sare », RODIDUT « d''Itxassou », Marie ARGAIN « de Cambo », Marie ETCHEGARAY « de Hasparren »';x;x;'«  Lundi […] à 4h. Jeux floraux offerts par l''Association basquaise : Choeurs basques, concours d''improvisation, d''Irrintcina, de danses basques (Moutchicouac). Proclamation des lauréats, distribution des récompenses »';https://gallica.bnf.fr/ark:/12148/bpt6k5248400f/f2.item.r=%22Concours%20de%20Po%C3%A9sie%20Basque%22.zoom (Le Patriote des Pyrénées, 17 juillet 1896), https://prentsa.bilketa.eus/ark:/12148/cb327687557/1896/08/07/v0001.simple.selectedTab=search.highlight=cambo (Eskualduna : journal basque-français, 7 août 1896) https://w390w.gipuzkoa.net/WAS/CORP/DKPAtzokoPrentsaWEB/argitalpen/178878/data/-2319497400000/1/imprimir (Euskal-Erria : revista bascondaga, 1 juillet 1896, p.61, p.209)
43.2222 ;-0.8917 ;Mauléon - 1896;1896;29 août;Laurent DIHARASSARY (1842-1902), Felipe ARRESE BEITIA (1841-1906), Francisco LOPEZ ALEN (1886-1910), Hypolite PIE;« Madeleine Larralde »;1/ Laurent DIHARASARRY 2/ Felipe ARRESE BEITIA 3/ Frantzizko LOPEZ ALLEN;x;x;x;x;x
43.3901;-1.6608 ;Saint-Jean-de-Luz - 1897;1897;15, 16, 17, 18, 19, 20, 21 et 22 août;Felipe CASAL eta OTHEGUY, HARRAZPI, Juan Pedro OTANO, Pierre DIBARRART « de Baigorry », Pierre DULADEHERE « de Sare », Raimond INZAGARAY « de Saint-Sébastien »;Sujet libre;1/ Felipe CASAL eta OTHEGUY (sujet imposé, 100fr) 1/ HARRAZPI (sujet non-imposé, 50fr) et Juan PEDRO OTANO  (sujet non-imposé, 50fr) ;CUBIAT IRIBARNE « de Béhorleguy », DORDAISHEHERE « de Sare », ERGUY « de Mendive », LARRAMENDY « de Lecumberry »;« Le jeu de pelote et le jeu de cartes », « Le citadin et le campagnard »;1/ CUBIAT IRIBARNE « de Béhorleguy » 2/ DORDAISHEHERE « de Sare » 3/ ERGUY « de Mendive » 4/ LARRAMENDY « de Lecumberry »;'« Cette année, on le sait, l''initiative de l''intelligente et dévouée municipalité est secondée par le concours d''une puissante Société, dite Société d''Ethnographie nationale, »';https://gallica.bnf.fr/ark:/12148/bpt6k52487400/f2.item.r=basque.zoom (Le Patriote des Pyrénées : paraissant tous les jours excepté le dimanche, 28 août 1897), https://prentsa.bilketa.eus/ark:/12148/cb327687557/1897/08/20/v0001.simple.selectedTab=search.highlight=f%C3%AAte (Eskualduna : journal basque-français, 20 août 1897) https://prentsa.bilketa.eus/ark:/12148/cb327687557/1897/07/23/v0001.simple.selectedTab=search.highlight=f%C3%AAte (Eskualduna : journal basque-français, 23 juillet 1897)
43.1213 ;-2.7689 ;Billaro - 1897;1897;x;Frantzisko LOPEZ ALEN (1886-1910), Juan Ignacio URANGA (1863-1934), Biktoriano IRAOLA (1841-1919);x;1/ Frantzisko LOPEZ ALLEN 2/ Juan Ignacio URANGA 3/ Biktoriano IRAOLA;x;x;x;x;http://hdl.handle.net/10690/71588 (Euskal-Erria : revista bascongada, 1 juillet 1897)
